Alice Smith,alice123,alice@gmail.com,secure1Pass
John Clark,John56,John38@gmail.com,Signing56john
Amy Smith,Amy367,Amysmith@gmail.com,Amy_secret
Zayn Malik,ZaynKhai,ZaynMalik@gmail.com,Khai_Zayn
Harry Styles,Harry,HarryStyles@gmail.com,oneDirection_
Niall Horan,Niall32,NiallHoran@gmail.com,Horan1direction
Theo James,theo123,theojames@gmail.com,Theo_divergent
nada,nada_amin,nada@gmail.com,Nada9999
nadosha,nadosha_x,nadosha@gmail.com,Nadosha00
Henry Cavil,HenryCAVIL,henrycavil@gmail.com,HENRY_5867
Tom Holland,TomSpiderman,tomhollan@gmail.com,Tom_zendaya
